details_name,CUBE NAME
Blood Crypt,11
Sacred Foundry,10
Abrade,10
Overgrown Tomb,10
Godless Shrine,10
Stomping Ground,10
Bloodstained Mire,10
Watery Grave,9
Crucible of Worlds,9
Steam Vents,9
Sunbaked Canyon,9
Flooded Strand,9
Marsh Flats,9
Scalding Tarn,9
Temple Garden,9
Breeding Pool,9
Hallowed Fountain,9
Arid Mesa,9
Misty Rainforest,9
Smuggler's Copter,8
Mind Stone,8
Windswept Heath,8
Faithless Looting,8
Wooded Foothills,8
Waterlogged Grove,8
Silent Clearing,8
Nurturing Peatland,8
Miscalculation,8
Lion Sash,8
Prismatic Vista,8
Verdant Catacombs,8
Lightning Bolt,8
Bitterblossom,8
Dragon's Rage Channeler,8
Tireless Tracker,8
Fiery Islet,8
Polluted Delta,8
Mishra's Bauble,7
Bone Shards,7
Treasure Cruise,7
Touch the Spirit Realm,7
Wasteland,7
Bonecrusher Giant,7
Bomat Courier,7
Inquisition of Kozilek,7
Llanowar Elves,7
Eternal Witness,7
Snapcaster Mage,7
Baleful Strix,7
Dismember,7
Liliana of the Veil,7
Stoneforge Mystic,7
Grim Lavamancer,7
Dark Confidant,7
Burst Lightning,7
Preordain,7
Chart a Course,7
Ponder,7
Phyrexian Metamorph,7
Phyrexian Dragon Engine,7
Chain Lightning,7
Ramunap Excavator,7
Path to Exile,7
Remand,7
Consider,7
Counterspell,7
"Ragavan, Nimble Pilferer",7
Murderous Rider,7
Shark Typhoon,7
Wild Growth,7
Monastery Swiftspear,7
Savai Triome,6
Ignoble Hierarch,6
Badlands,6
Third Path Iconoclast,6
Pyrite Spellbomb,6
Indatha Triome,6
Duress,6
Thoughtseize,6
Thraben Inspector,6
Hymn to Tourach,6
Eidolon of the Great Revel,6
"Chandra, Torch of Defiance",6
Hellrider,6
Porcelain Legionnaire,6
Portable Hole,6
Grave Titan,6
Toxic Deluge,6
Chrome Mox,6
Skullclamp,6
"Jace, Vryn's Prodigy",6
Phyrexian Revoker,6
Mana Leak,6
Lotus Cobra,6
Scrapwork Mutt,6
Recurring Nightmare,6
Cathar Commando,6
Brazen Borrower,6
"Rankle, Master of Pranks",6
Collective Brutality,6
Brainstorm,6
Life from the Loam,6
Sylvan Library,6
Damn,6
"Laelia, the Blade Reforged",6
"Kroxa, Titan of Death's Hunger",6
Kolaghan's Command,6
Tarmogoyf,6
Monastery Mentor,6
Skyclave Apparition,6
Birds of Paradise,6
Chromatic Star,6
Unholy Heat,6
Ephemerate,6
Esika's Chariot,6
Gingerbrute,6
Fireblast,6
Animate Dead,6
Farseek,6
Figure of Destiny,6
Gitaxian Probe,6
Urza's Saga,6
Goblin Guide,6
Unearth,6
Wrenn and Six,6
Esper Sentinel,6
"Chandra, Acolyte of Flame",5
Brain Freeze,5
Bloodghast,5
Noble Hierarch,5
Vendilion Clique,5
March of Otherworldly Light,5
The Raven Man,5
Balance,5
Worn Powerstone,5
"Boseiju, Who Endures",5
Mishra's Factory,5
Dig Through Time,5
The Wandering Emperor,5
Thespian's Stage,5
Wheel of Fortune,5
Survival of the Fittest,5
Reanimate,5
Infernal Grasp,5
Frantic Search,5
Fury,5
"Jace, the Mind Sculptor",5
"Urza, Lord High Artificer",5
Courser of Kruphix,5
Oblivion Ring,5
Solitude,5
Solemn Simulacrum,5
Memory Lapse,5
Taiga,5
Rancor,5
Ketria Triome,5
Bayou,5
Bolas's Citadel,5
Swords to Plowshares,5
"Kari Zev, Skyship Raider",5
Ledger Shredder,5
Palace Jailer,5
Dauthi Voidwalker,5
Utopia Sprawl,5
Walking Ballista,5
Usher of the Fallen,5
Dauntless Bodyguard,5
Fact or Fiction,5
Fatal Push,5
Joraga Treespeaker,5
Pestermite,5
Garruk Wildspeaker,5
Thassa's Oracle,5
Dreadhorde Arcanist,5
Raugrin Triome,5
Carrion Feeder,5
Imperial Recruiter,5
Once Upon a Time,5
Serra Paragon,5
Sensei's Divining Top,5
Bloodchief's Thirst,5
Restoration Angel,5
"Squee, Dubious Monarch",5
Myr Battlesphere,5
Umezawa's Jitte,5
Luminarch Aspirant,5
Cryptic Command,5
Grafted Wargear,5
Seasoned Pyromancer,5
Mystical Tutor,5
"Emry, Lurker of the Loch",5
Brushfire Elemental,5
"Grist, the Hunger Tide",5
Grim Monolith,5
Fiend Artisan,5
Endurance,5
Field of the Dead,5
Grief,5
Scrubland,5
Green Sun's Zenith,5
Necromancy,5
Scavenging Ooze,5
Loran of the Third Path,5
Mana Confluence,5
Fiery Confluence,5
Creeping Tar Pit,5
Sakura-Tribe Elder,5
Eater of Virtue,5
Fire // Ice,5
"Saheeli, Sublime Artificer",5
Lingering Souls,5
Underworld Breach,5
Hydroid Krasis,5
Questing Beast,5
Elite Spellbinder,5
Plateau,5
Blackcleave Cliffs,5
Abundant Harvest,5
Adanto Vanguard,5
Young Pyromancer,5
Elvish Reclaimer,5
Elvish Mystic,5
Force of Will,5
Mulldrifter,5
Zagoth Triome,5
Tinker,5
Masked Vandal,4
Giver of Runes,4
Memory Jar,4
Bloodbraid Elf,4
Occult Epiphany,4
Lurrus of the Dream-Den,4
Mana Tithe,4
Maze of Ith,4
Deathrite Shaman,4
Spell Pierce,4
Volcanic Island,4
Memory Deluge,4
Lotus Petal,4
Expressive Iteration,4
Voldaren Epicure,4
Demonic Tutor,4
Twinshot Sniper,4
Containment Construct,4
Fractured Identity,4
Mother of Runes,4
Sheltered Thicket,4
Shelldock Isle,4
Winter Orb,4
Mox Diamond,4
Shadowspear,4
Force of Negation,4
Satyr Wayfinder,4
Mutavault,4
Selesnya Sanctuary,4
Crystal Shard,4
Mystic Confluence,4
Search for Azcanta,4
"Narset, Parter of Veils",4
Aether Spellbomb,4
Fallen Shinobi,4
Savannah,4
Craterhoof Behemoth,4
"Braids, Arisen Nightmare",4
Daze,4
Damnation,4
Snuff Out,4
Sneak Attack,4
"Gideon, Ally of Zendikar",4
Snap,4
Flickerwisp,4
Fable of the Mirror-Breaker,4
Cankerbloom,4
Fabled Passage,4
Mirage Mirror,4
Mirari's Wake,4
Misery's Shadow,4
Dark Ritual,4
Dark Depths,4
"Rofellos, Llanowar Emissary",4
Simic Growth Chamber,4
"Nissa, Who Shakes the World",4
Night's Whisper,4
Boros Garrison,4
Orzhov Basilica,4
Ophiomancer,4
Time Spiral,4
Echo of Eons,4
Golgari Rot Farm,4
Incinerate,4
Goldspan Dragon,4
Inferno Titan,4
Upheaval,4
Rabbit Battery,4
Azorius Signet,4
Feed the Swarm,4
Champion of Wits,4
The Restoration of Eiganjo,4
Raffine's Tower,4
Bala Ged Recovery,4
Raging Ravine,4
Stonecoil Serpent,4
Izzet Signet,4
Xander's Lounge,4
"Thalia, Guardian of Thraben",4
"Jadar, Ghoulcaller of Nephalia",4
Rakdos Carnarium,4
Pest Infestation,4
Edge of Autumn,4
Underground Sea,4
Tenacious Underdog,4
"Elspeth, Sun's Champion",4
Tundra,4
Entomb,4
Archaeomancer,4
Tropical Island,4
Chromatic Sphere,4
Archon of Cruelty,4
Prismatic Ending,4
Treachery,4
Gruul Turf,4
Primeval Titan,4
"Tourach, Dread Cantor",4
Arbor Elf,4
Armageddon,4
Tortured Existence,4
"Gonti, Lord of Luxury",4
Ziatora's Proving Ground,4
Zealous Conscripts,4
Embercleave,4
Ash Barrens,4
Titan of Industry,4
"Golos, Tireless Pilgrim",4
Pernicious Deed,4
The Meathook Massacre,4
Crop Rotation,4
Celestial Colonnade,4
Ancient Tomb,4
Lizard Blades,4
Sulfuric Vortex,4
Lethal Scheme,4
Ravenous Squirrel,4
Opposition,4
Bastion of Remembrance,4
Dimir Signet,4
Woe Strider,4
Blade Splicer,4
Lion's Eye Diamond,4
Bitter Reunion,4
Goblin Engineer,4
Oracle of Mul Daya,4
"Adeline, Resplendent Cathar",4
Goblin Bombardment,4
Evolved Sleeper,4
Lava Dart,4
Patchwork Automaton,4
Knight of Autumn,4
Knight of the Ebon Legion,4
Batterskull,4
Cogwork Librarian,4
Wrath of God,4
Perilous Myr,4
"Teferi, Hero of Dominaria",4
"Karn, Scion of Urza",4
Firebolt,4
Looter il-Kor,4
Wurmcoil Engine,4
Recruiter of the Guard,4
Opt,4
Tangle Wire,4
Recruitment Officer,4
Goblin Rabblemaster,4
Strip Mine,4
Vampiric Tutor,4
Nested Shambler,3
Circuit Mender,3
Negate,3
"Omnath, Locus of Creation",3
Flametongue Kavu,3
Prismari Command,3
Conduit of Worlds,3
Priest of Forgotten Gods,3
Oni-Cult Anvil,3
Council's Judgment,3
City of Brass,3
Nettlecyst,3
Coalition Relic,3
Noxious Gearhulk,3
Phantasmal Image,3
Copperline Gorge,3
Phoenix Chick,3
Nihil Spellbomb,3
Phyrexian Fleshgorger,3
Fire Covenant,3
Cranial Plating,3
Palinchron,3
Fastbond,3
Fauna Shaman,3
Planar Disruption,3
Old Rutstein,3
Network Disruptor,3
Fellwar Stone,3
Crawling Infestation,3
Clarion Spirit,3
Deathbonnet Sprout,3
Necron Deathmark,3
Dragonskull Summit,3
Intrepid Adversary,3
Invasion of Mercadia,3
Gods Willing,3
Invasion of Segovia,3
Dress Down,3
Isochron Scepter,3
Izzet Boilerworks,3
"Jace, Wielder of Mysteries",3
Jetmir's Garden,3
"Judith, the Scourge Diva",3
"Juri, Master of the Revue",3
Inscription of Abundance,3
Kaldra Compleat,3
Kaleidoscorch,3
Karakas,3
"Kess, Dissident Mage",3
Goblin Welder,3
"Kiki-Jiki, Mirror Breaker",3
Knight of the Reliquary,3
Kumano Faces Kakkazan,3
"Kytheon, Hero of Akros",3
Etherium Sculptor,3
Into the Roil,3
Dryad of the Ilysian Grove,3
Legion's Landing,3
Hard Evidence,3
Enlightened Tutor,3
Engineered Explosives,3
Grim Flayer,3
Griselbrand,3
Grapple with the Past,3
"Emrakul, the Aeons Torn",3
Guardian of New Benalia,3
Gush,3
"Halvar, God of Battle",3
Hangarback Walker,3
Embereth Shieldbreaker,3
Ingenious Smith,3
Hardened Scales,3
Haywire Mite,3
Hedron Crab,3
"Elspeth, Sun's Nemesis",3
Elspeth Conquers Death,3
Hexdrinker,3
High Tide,3
Horizon Canopy,3
Hypnotic Grifter,3
Ichor Slick,3
Languish,3
"Leovold, Emissary of Trest",3
Force Spike,3
Cut Down,3
Mind Twist,3
"Minsc & Boo, Timeless Heroes",3
Gala Greeters,3
Gaea's Cradle,3
Faerie Guidemother,3
Faerie Seer,3
Mishra's Research Desk,3
Faerie Vandal,3
"Daretti, Ingenious Iconoclast",3
Dack Fayden,3
Founding the Third Path,3
Ghostly Flicker,3
Moon-Circuit Hacker,3
Currency Converter,3
Falkenrath Pit Fighter,3
Mox Opal,3
Murderous Compulsion,3
Murktide Regent,3
Cultivate,3
Cryptbreaker,3
Natural Order,3
Nature's Lore,3
Mimic Vat,3
Merfolk Looter,3
Library of Alexandria,3
Expedition Map,3
Chrome Host Seedshark,3
"Lier, Disciple of the Drowned",3
Dimir Aqueduct,3
Light Up the Stage,3
Goblin Cratermaker,3
Evolving Wilds,3
Liquimetal Torque,3
Go for the Throat,3
Lodestone Golem,3
Exhume,3
Lore Seeker,3
Deadly Dispute,3
Lose Focus,3
Lotus Field,3
"Magda, Brazen Outlaw",3
Man-o'-War,3
Mana Drain,3
Manamorphose,3
Deep Forest Hermit,3
Graven Cairns,3
Mayhem Devil,3
Mental Misstep,3
Zurgo Bellstriker,3
Fetid Heath,3
Treasure Map,3
Sevinne's Reclamation,3
Arcum's Astrolabe,3
Shatterskull Smashing,3
"Sheoldred, the Apocalypse",3
Torrential Gearhulk,3
Shriekmaw,3
Tolarian Terror,3
Tolarian Academy,3
Simic Signet,3
Siren Stormtamer,3
Boros Charm,3
Tireless Provisioner,3
Timetwister,3
Assassin's Trophy,3
"Atraxa, Grand Unifier",3
"Skysovereign, Consul Flagship",3
Smallpox,3
Smokestack,3
Shallow Grave,3
Serum Visions,3
Virus Beetle,3
Triplicate Spirits,3
Vindicate,3
Victimize,3
Rishadan Port,3
Riveteers Overlook,3
Robber of the Rich,3
"Venser, Shaper Savant",3
Vault Skirge,3
"Uro, Titan of Nature's Wrath",3
Urborg Lhurgoyf,3
Unexpectedly Absent,3
Burning-Tree Emissary,3
Burn Down the House,3
"Ulamog, the Ceaseless Hunger",3
Scrapheap Scrounger,3
"Ugin, the Spirit Dragon",3
Seasoned Hallowblade,3
Selfless Spirit,3
Thundermaw Hellkite,3
"Sokenzan, Crucible of Defiance",3
Thrummingbird,3
Soul of Windgrace,3
Thirst for Discovery,3
Thing in the Ice,3
Student of Warfare,3
Azorius Chancery,3
Blade of the Oni,3
Sundering Titan,3
Birthing Pod,3
"Birgi, God of Storytelling",3
Sword of Feast and Famine,3
Sword of Fire and Ice,3
Sword of the Animist,3
Big Score,3
Basalt Monolith,3
Terminate,3
Beast Within,3
Battle Screech,3
Tectonic Edge,3
Thirst for Knowledge,3
Stitcher's Supplier,3
Steel Overseer,3
Blood Artist,3
Augur of Autumn,3
Thrill of Possibility,3
Spara's Headquarters,3
Three Visits,3
Spellseeker,3
Spellstutter Sprite,3
Auriok Salvagers,3
Thragtusk,3
Thorn of the Black Rose,3
Thought Scour,3
"Squee, Goblin Nabob",3
Blightsteel Colossus,3
Staff of Domination,3
Staff of the Storyteller,3
Staggershock,3
Standstill,3
Canyon Slough,3
Teachings of the Kirin,3
Pyroclasm,3
Pteramander,3
Altar of Dementia,3
Wall of Roots,3
Ravenous Chupacabra,3
Acidic Slime,3
Queen Marchesa,3
Channel,3
"Chandra, Awakened Inferno",3
Raffine's Informant,3
Windfall,3
Winding Way,3
Aetherflux Reservoir,3
Rampaging Raptor,3
Wishclaw Talisman,3
Witching Well,3
Rakdos's Return,3
"Yorion, Sky Nomad",3
Rakdos Signet,3
Zulaport Cutthroat,3
Abbot of Keral Keep,3
Abrupt Decay,3
Repeal,3
Viscera Seer,3
Territorial Kavu,2
"Teferi, Time Raveler",2
Wonder,2
Idyllic Beachfront,2
Wood Elves,2
Wooded Ridgeline,2
Immersturm Predator,2
Tendrils of Agony,2
Imprisoned in the Moon,2
Improbable Alliance,2
Thran Dynamo,2
Thoughtcast,2
Woodfall Primus,2
Thought Monitor,2
Woodland Cemetery,2
Flash,2
Flametongue Yearling,2
World Shaper,2
Wrenn and Seven,2
Flame Slash,2
Icy Manipulator,2
Forbidden Alchemy,2
Footlight Fiend,2
Forbid,2
Hordeling Outburst,2
Karn Liberated,2
Karmic Guide,2
"Thrun, Breaker of Silence",2
Hullbreacher,2
Hunted Witness,2
Teferi's Tutelage,2
Witherbloom Command,2
Hymn of the Wilds,2
Through the Breach,2
Witness Protection,2
Throne of the High City,2
Hypnotic Siren,2
Kami of Transience,2
Icatian Crier,2
Ice-Fang Coatl,2
Throne of Geth,2
Icehide Golem,2
Terastodon,2
"Firja, Judge of Valor",2
Thopter Foundry,2
Jilt,2
The Eldest Reborn,2
Terrarion,2
The Ozolith,2
The Modern Age,2
Journey to Nowhere,2
Finale of Devastation,2
The First Iroan Games,2
"Yoshimaru, Ever Faithful",2
Fighter Class,2
Fiery Temper,2
The Elder Dragon War,2
Fireslinger,2
The Cruelty of Gix,2
The Antiquities War,2
Jack-o'-Lantern,2
Tezzeret's Gambit,2
Jadelight Ranger,2
"Jaxis, the Troublemaker",2
Jeskai Ascendancy,2
Yotian Frontliner,2
Jewel Thief,2
Irrigated Farmland,2
Ipnu Rivulet,2
Inventors' Fair,2
The Reality Chip,2
Fires of Invention,2
"Tergrid, God of Fright",2
You Hear Something on Watch,2
Thieving Skydiver,2
Insolent Neonate,2
Junk Diver,2
Inspiring Overseer,2
Hooting Mandrills,2
Inspiring Vantage,2
Yavimaya Elder,2
"Yavimaya, Cradle of Growth",2
Thelonite Hermit,2
Invasion of Gobakhan,2
Yawgmoth's Will,2
Invasion of Ikoria,2
The Scarab God,2
Invasion of New Capenna,2
The Reaver Cleaver,2
Invasion of Tolvada,2
Glacial Fortress,2
Hidden Stockpile,2
Hollow One,2
"Goro-Goro, Disciple of Ryusei",2
"Vraan, Executioner Thane",2
Goldmeadow Harrier,2
Unlicensed Hearse,2
Universal Automaton,2
Ghost Quarter,2
Unexpected Potential,2
Geothermal Bog,2
Generous Gift,2
"Unctus, Grand Metatect",2
Unburial Rites,2
"Vraska, Golgari Queen",2
God-Pharaoh's Gift,2
Grand Coliseum,2
Gemstone Caverns,2
Grasping Dunes,2
Grateful Apparition,2
Typhoid Rats,2
Geistlight Snare,2
Twinblade Geist,2
Turnabout,2
Gray Merchant of Asphodel,2
Great Furnace,2
Giant Killer,2
Goblin Wizardry,2
Greatsword of Tyr,2
Volatile Chimera,2
Gixian Puppeteer,2
Glint-Nest Crane,2
Gloomshrieker,2
Glorybringer,2
"Gix, Yawgmoth Praetor",2
Gluttonous Slug,2
Village Rites,2
Goblin Anarchomancer,2
Vilespawn Spider,2
"Vivien, Monsters' Advocate",2
Gilded Goose,2
Urza's Bauble,2
Very Cryptic Command,2
Goblin Bushwhacker,2
Voldaren Bloodcaster,2
Goblin Electromancer,2
Vengevine,2
Vault of Whispers,2
Goblin Heelcutter,2
Voracious Hydra,2
Valorous Stance,2
Valakut Exploration,2
Trove Warden,2
Triplicate Titan,2
Hired Heist,2
Frenzied Goblin,2
Fyndhorn Elves,2
Tocasia's Dig Site,2
Haughty Djinn,2
Haunted Fengraf,2
Haunted Mire,2
Haunted Ridge,2
Tithe Drinker,2
Whirler Rogue,2
"Titania, Protector of Argoth",2
Fungal Rebirth,2
White Plume Adventurer,2
Weakstone's Subjugation,2
Timeless Witness,2
Heirloom Blade,2
"Heliod, Sun-Crowned",2
Timeless Dragon,2
Helm of the Host,2
Time Walk,2
Hex Parasite,2
Wingcrafter,2
Tidehollow Sculler,2
Glass Casket,2
Wharf Infiltrator,2
Toolcraft Exemplar,2
Wall of Omens,2
Warden of Evos Isle,2
Geier Reach Sanitarium,2
Trinket Mage,2
Gamble,2
Tribute Mage,2
Tribal Flames,2
Triarch Praetorian,2
Treetop Village,2
Tree of Tales,2
Treasure Vault,2
Kaya's Guile,2
Watcher for Tomorrow,2
Topplegeist,2
Travel Preparations,2
Trash for Treasure,2
Tragic Slip,2
"Toski, Bearer of Secrets",2
Wayfarer's Bauble,2
"Gut, True Soul Zealot",2
Gutterbones,2
"Gadrak, the Crown-Scourge",2
"Tormod, the Desecrator",2
Hammer of Nazahn,2
Prismatic Strands,2
Lazotep Chancellor,2
Tear Asunder,2
Ninja of the Deep Hours,2
"Nissa, Ascended Animist",2
Rolling Earthquake,2
Rockfall Vale,2
Noble's Purse,2
Nomad Outpost,2
Roar of the Wurm,2
Noxious Revival,2
Nullpriest of Oblivion,2
Risen Reef,2
Riptide Pilferer,2
"Nykthos, Shrine to Nyx",2
Oath of Druids,2
Obsessive Search,2
Obsessive Skinner,2
Rip Apart,2
"Rielle, the Everwise",2
Ogre-Head Helm,2
Old One Eye,2
Rhys the Redeemed,2
Retrofitter Foundry,2
Ominous Seas,2
Retreat to Kazandu,2
Retreat to Emeria,2
Repulse,2
Reinforced Ronin,2
Recommission,2
Opposition Agent,2
Ninth Bridge Patrol,2
"Rona, Herald of Invasion",2
Shadow Prophecy,2
Nighthawk Scavenger,2
Mutagenic Growth,2
Seize the Spoils,2
Myr Enforcer,2
Seed Guardian,2
Myr Retriever,2
Sedgemoor Witch,2
Seat of the Synod,2
Mystic Forge,2
Mystic Sanctuary,2
Searing Spear,2
Seachrome Coast,2
Sea Gate Oracle,2
Scute Swarm,2
Scorched Rusalka,2
Scattered Groves,2
Necropotence,2
Necrotic Wound,2
Savage Twister,2
Savage Lands,2
Saproling Migration,2
Sanctuary Warden,2
Salvaging Station,2
Sacred Peaks,2
Rotting Regisaur,2
Neutralize,2
Nexus of Fate,2
Rootbound Crag,2
Reclamation Sage,2
Reckoner Bankbuster,2
Orcish Lumberjack,2
Ordinary Pony,2
Radiant Grove,2
Radha's Firebrand,2
Phyrexian Obliterator,2
Phyrexian Scriptures,2
Phyrexian Tower,2
Pia and Kiran Nalaar,2
Pile On,2
Pilgrim's Eye,2
Pithing Needle,2
Plaguecrafter,2
Quicksand,2
Plated Geopede,2
Fetid Pools,2
Queen Kayla bin-Kroog,2
Putrid Imp,2
Puresteel Paladin,2
Portal to Phyrexia,2
Portent,2
Power Play,2
Prosperous Thief,2
Prosperous Innkeeper,2
Primal Might,2
"Prosper, Tome-Bound",2
Prophetic Prism,2
Professional Face-Breaker,2
Prizefight,2
Prismatic Lens,2
Phyrexian Altar,2
Phoenix of Ash,2
Raffine's Silencer,2
Parallax Wave,2
Ornithopter of Paradise,2
Reckless Charge,2
Orzhov Signet,2
"Oskar, Rubbish Reclaimer",2
"Otawara, Soaring City",2
Razorverge Thicket,2
Overwhelming Remorse,2
Pack Rat,2
"Paliano, the High City",2
Ravages of War,2
Panharmonicon,2
Paradox Engine,2
Park Map,2
Phantom Nomad,2
Rattlechains,2
Ransack the Lab,2
Ramunap Ruins,2
Patrician Geist,2
Pattern of Rebirth,2
Pendelhaven,2
Peregrine Drake,2
Ram Through,2
Rally the Peasants,2
Persist,2
Raise the Alarm,2
Raid Bombardment,2
Serendib Sorcerer,2
Mox Sapphire,2
Khenra Spellspear,2
Swift Reconfiguration,2
Sunpetal Grove,2
Sunlit Marsh,2
Lightning Greaves,2
Lightning Strike,2
Sungold Sentinel,2
"Liliana, Waker of the Dead",2
"Liliana, the Last Hope",2
Sultai Emissary,2
Sulfurous Springs,2
Living Death,2
Stunt Double,2
Llanowar Reborn,2
Llanowar Visionary,2
Strionic Resonator,2
Logic Knot,2
Lonely Sandbar,2
Stream of Thought,2
Steel Seraph,2
Lotus Bloom,2
Sprouting Goblin,2
Magmatic Sinkhole,2
Malakir Rebirth,2
Springleaf Drum,2
Splinter Twin,2
Spirebluff Canal,2
Spikefield Hazard,2
Mana Vault,2
Sweltering Suns,2
Swiftblade Vindicator,2
Mox Ruby,2
Life // Death,2
Tarfire,2
Kiora's Follower,2
"Kiora, Behemoth Beckoner",2
Kitchen Finks,2
Kitesail Freebooter,2
Tangled Islet,2
Tangled Florahedron,2
Knight of the Kitchen Sink,2
Knights of the Black Rose,2
Kogla and Yidaro,2
Tamiyo's Safekeeping,2
Koth of the Hammer,2
Talisman of Progress,2
Talisman of Indulgence,2
Talisman of Hierarchy,2
Laboratory Maniac,2
Talisman of Dominance,2
"Lagomos, Hand of Hatred",2
Talisman of Creativity,2
Lantern Bearer,2
Talisman of Conviction,2
Lavaclaw Reaches,2
"Takenuma, Abandoned Mire",2
Lay Down Arms,2
Pristine Talisman,2
Sword of the Meek,2
Leyline Binding,2
Spider Spawning,2
March of the Multitudes,2
Marchesa's Decree,2
Spectral Sailor,2
Skirk Ridge Exhumer,2
Skewer the Critics,2
Sinuous Vermin,2
Simian Simulacrum,2
Mist Raven,2
Signal Pest,2
Mistblade Shinobi,2
Mistmeadow Witch,2
Sigiled Starfish,2
Mogg War Marshal,2
Sicarian Infiltrator,2
Mold Folk,2
Molten Tributary,2
Momentary Blink,2
Showdown of the Skalds,2
Shore Up,2
Shivan Devastator,2
"Shigeki, Jukai Visionary",2
Mortify,2
Mother Bear,2
Sheoldred's Edict,2
Mox Amber,2
Mox Emerald,2
Mox Jet,2
Sharuum the Hegemon,2
Shambling Ghast,2
Mox Pearl,2
Misdirection,2
Skophos Reaver,2
Mirrorshell Crab,2
Song of Creation,2
Sower of Temptation,2
Master of Etherium,2
Maul of the Skyclaves,2
Mausoleum Wanderer,2
Mawloc,2
Soulherder,2
Soul-Scar Mage,2
Soul-Guide Lantern,2
Soul Partition,2
Sorin the Mirthless,2
Song of the Dryads,2
Mental Note,2
Mercurial Spelldancer,2
Mirran Crusader,2
Merfolk Branchwalker,2
Merfolk Secretkeeper,2
Sojourner's Companion,2
Mesmeric Orb,2
Midnight Reaper,2
"Slogurk, the Overslime",2
Sling-Gang Lieutenant,2
Mind's Desire,2
Mindslaver,2
Skyscanner,2
Skyclave Shade,2
"Skrelv, Defector Mite",2
Pollenbright Druid,2
Maelstrom Pulse,2
Essence Scatter,2
Coiling Oracle,2
Ethereal Forager,2
"Anax, Hardened in the Forge",2
"Etali, Primal Conqueror",2
Ancestral Blade,2
Breya's Apprentice,2
Coldsteel Heart,2
Escape to the Wilds,2
Ancestral Recall,2
Ancestral Vision,2
Draconic Destiny,2
Ancient Copper Dragon,2
Ertai Resurrected,2
Colossal Skyturtle,2
Day of Judgment,2
Ancient Den,2
Combat Courier,2
Combat Research,2
Ancient Greenwarden,2
Bone Miser,2
Ensoul Artifact,2
Dragonlord Atarka,2
Ancient Stone Idol,2
Angel of Invention,2
"Comet, Stellar Pup",2
Darksteel Citadel,2
Darkslick Shores,2
Barbed Spike,2
Call of the Death-Dweller,2
Dead Weight,2
Akoum Hellhound,2
Everflowing Chalice,2
Clear Shot,2
"Alesha, Who Smiles at Death",2
Blood Fountain,2
Deathcap Glade,2
Bedevil,2
Capsize,2
Exploration,2
Doomed Dissenter,2
Experimental Synthesizer,2
Bloodfeather Phoenix,2
Experimental Augury,2
Death-Greeter's Champion,2
Allosaurus Shepherd,2
Bazaar of Baghdad,2
Cloud of Faeries,2
Doomed Traveler,2
Cloudkin Seer,2
Death's Shadow,2
Doomsday,2
Bloodflow Connoisseur,2
Bloodforged Battle-Axe,2
Battlefield Forge,2
Exclude,2
Bloodthirsty Adversary,2
Battle for Bretagard,2
Bloodtithe Harvester,2
Battle Cry Goblin,2
"Baral, Chief of Compliance",2
Commune with the Gods,2
Anguished Unmaking,2
Complicate,2
Brotherhood's End,2
Drowned Catacomb,2
Drownyard Temple,2
Curious Obsession,2
Curious Homunculus,2
Dryad Arbor,2
Dryad Militant,2
Elixir of Immortality,2
Court of Ambition,2
"Elesh Norn, Grand Cenobite",2
Cult Conscript,2
Brindle Shoat,2
"Atsushi, the Blazing Sky",2
Ardenvale Tactician,2
Brimstone Volley,2
Crackling Doom,2
"Braids, Cabal Minion",2
Brain Maggot,2
Dusk Legion Zealot,2
Dying to Serve,2
Ashnod's Harvester,2
"Ashiok, Dream Render",2
"Elas il-Kor, Sadistic Pilgrim",2
"Eiganjo, Seat of the Empire",2
Crow Storm,2
"Edric, Spymaster of Trest",2
Ecstatic Awakener,2
Control Magic,2
Custodi Lich,2
Elves of Deep Shadow,2
Dance of the Dead,2
Animation Module,2
Dread Fugue,2
Compulsive Research,2
Bonesplitter,2
"Daretti, Scrap Savant",2
Dread Return,2
Emissary's Ploy,2
Ankh of Mishra,2
Condescend,2
"Baird, Argivian Recruiter",2
Anointed Peacekeeper,2
Dreadhorde Butcher,2
Apostle's Blessing,2
Arcane Savant,2
Dreams of Steel and Oil,2
Awaken the Woods,2
Boros Elite,2
Arboreal Grazer,2
Arc Lightning,2
Boros Signet,2
Custodi Squire,2
Arc Trail,2
Elvish Visionary,2
Contagious Vorrac,2
Contaminated Aquifer,2
Avacyn's Pilgrim,2
Deceiver Exarch,2
Earthshaker Khenra,2
Deeproot Wayfinder,2
Blistercoil Weird,2
Blade Historian,2
Cephalid Coliseum,2
Cast Down,2
Disciple of the Vault,2
Caves of Koilos,2
Fallaji Archaeologist,2
Cathartic Pyre,2
Faith's Fetters,2
Despark,2
Aethersnipe,2
Faerie Mastermind,2
Cityscape Leveler,2
Binding the Old Gods,2
Faerie Conclave,2
Blast from the Past,2
Blast Zone,2
Blazing Rootwalla,2
Citizen's Crowbar,2
Cartouche of Solidarity,2
Disfigure,2
Agadeem's Awakening,2
Academy Ruins,2
Delver of Secrets,2
Cemetery Prowler,2
Falkenrath Gorger,2
Circular Logic,2
Censor,2
Adorned Pouncer,2
Aetherize,2
Cemetery Gatekeeper,2
Deflecting Palm,2
Blightning,2
Devil's Play,2
Chaplain of Alms,2
Den Protector,2
Fading Hope,2
Black Market Connections,2
Cavalier of Thorns,2
Champion of the Parish,2
Advantageous Proclamation,2
Desert of the Mindful,2
Disallow,2
Aether Channeler,2
Fervent Champion,2
"Chainer, Nightmare Adept",2
Fertile Ground,2
Careful Study,2
Deep Analysis,2
Chaos Defiler,2
Dire Fleet Daredevil,2
Ajani Vengeant,2
Desert,2
Fanatical Firebrand,2
"Boseiju, Who Shelters All",1
Simian Sling,1
Sky Diamond,1
Skyblade's Boon,1
Stocking Tiger,1
Silverquill Campus,1
Simian Spirit Guide,1
Silverbluff Bridge,1
Steelshaper's Gift,1
Silverback Shaman,1
Skybridge Towers,1
Stoic Rebuttal,1
Silver Scrutiny,1
Boomerang,1
Skilled Animator,1
Step Through,1
Stir the Sands,1
Born to Drive,1
Skinrender,1
Border Guardian,1
"Skithiryx, the Blight Dragon",1
Stifle,1
Skeleton Shard,1
Siren of the Fanged Coast,1
Stinging Scorpion,1
Skittering Crustacean,1
Stingscourger,1
Siphon Insight,1
Boon-Bringer Valkyrie,1
Sterling Grove,1
Boros Reckoner,1
Borborygmos and Fblthp,1
Blessed Hippogriff,1
Borrowed Grace,1
Simic Ascendancy,1
Skorpekh Lord,1
Stitchwing Skaab,1
Stern Mentor,1
Skrelv's Hive,1
Blitz of the Thunder-Raptor,1
Blessed Defiance,1
Silver Myr,1
Silver Drake,1
Shriekgeist,1
Storm Herald,1
Shredded Sails,1
Shrapnel Blast,1
"Brago, King Eternal",1
"Shorikai, Genesis Engine",1
Shivan Reef,1
Shipwreck Marsh,1
Storm's Wrath,1
Brainstone,1
Bramblesnap,1
Branching Bolt,1
Branchloft Pathway,1
Stormblood Berserker,1
Shelter,1
Brash Taunter,1
Stormbreath Dragon,1
Shefet Monitor,1
Shefet Dunes,1
Brazen Cannonade,1
Shattered Sanctum,1
Breakthrough,1
Breathless Knight,1
Stormcarved Coast,1
Shaper Parasite,1
Shambling Vent,1
Shambling Goblin,1
Storm Caller,1
Stonybrook Banneret,1
Brago's Favor,1
Sign in Blood,1
Silundi Vision,1
Stoke the Flames,1
Silumgar Sorcerer,1
Stolen Strategy,1
Silumgar Scavenger,1
Silkwrap,1
Silent Departure,1
Stolen by the Fae,1
Botanical Plaza,1
Stonebinder's Familiar,1
"Sigrid, God-Favored",1
Botanical Sanctum,1
Blazing Crescendo,1
Shrine of Burning Rage,1
Stonehewer Giant,1
Bound in Gold,1
Sigil of the Empty Throne,1
Sigil of Valor,1
Sigarda's Aid,1
Siege-Gang Commander,1
Siege Striker,1
"Sidisi, Brood Tyrant",1
Sidewinder Naga,1
Sickleslicer,1
Bound in Silence,1
Shuriken,1
Steel Squirrel,1
Slab Hammer,1
Boneyard Wurm,1
Soul Manipulation,1
Sprite Dragon,1
Spawn of Mayhem,1
Blinkmoth Nexus,1
Sparkspitter,1
Spy Eye,1
Sovereign's Realm,1
Bloodhall Priest,1
Bloodmark Mentor,1
Bloodsoaked Champion,1
Squandered Resources,1
Blind Obedience,1
Soul Snare,1
Blightstep Pathway,1
Squirrel Sanctuary,1
Solitary Camel,1
"Sorin, Lord of Innistrad",1
Bloodtracker,1
Sorcerous Spyglass,1
Squirrel-Powered Scheme,1
Sootstoke Kindler,1
Song-Mad Treachery,1
Bloodwater Entity,1
Sram's Expertise,1
Song of Freyalise,1
"Sram, Senior Edificer",1
Blightspeaker,1
Bloom Tender,1
Somber Hoverguard,1
Spectral Grasp,1
Spectral Procession,1
Springbloom Druid,1
Bloodfell Caves,1
Spire of Industry,1
Spined Thopter,1
Spine of Ish Sah,1
Spindrift Drake,1
Spirit Cairn,1
Spirit Mantle,1
Bloated Contaminator,1
Blood Aspirant,1
Sphinx's Tutelage,1
Sphinx's Revelation,1
Sphinx of the Steel Wind,1
Sphinx of Uthuun,1
Sphere of the Suns,1
Spirit of the Labyrinth,1
Bloodcrazed Paladin,1
Spellgorger Weird,1
Spelleater Wolverine,1
Spirit-Sister's Call,1
Spirited Companion,1
Spell Swindle,1
Spiritmonger,1
Spell Snare,1
Spell Queller,1
Blisterspit Gremlin,1
Split Screen,1
Spoils of the Hunt,1
Spontaneous Combustion,1
Blooming Marsh,1
Solidarity of Heroes,1
Blighted Cataract,1
Sleight of Hand,1
Bone Rattler,1
Staunch Throneguard,1
Sliversmith,1
Slitherhead,1
Slither Blade,1
Slith Strider,1
Slip Through Space,1
Stealth Mission,1
Slip Out the Back,1
Bone Sabres,1
"Slimefoot, the Stowaway",1
Slimefoot and Squee,1
Slice and Dice,1
Sleep with the Fishes,1
Blossoming Sands,1
Slaughter,1
Slagwoods Bridge,1
Blighted Gorge,1
Bone Shredder,1
Bonehoard,1
Skymarcher Aspirant,1
Skyline Despot,1
Skyknight Legionnaire,1
Skyfisher Spider,1
Steam-Powered,1
Steel Hellkite,1
Blighted Fen,1
Skyclave Sentinel,1
Sly Spy,1
Startled Awake,1
Bone Picker,1
Start // Finish,1
Staggering Insight,1
Blighted Woodland,1
Soldier of the Pantheon,1
Solar Blaze,1
Sol Ring,1
Blue Sun's Twilight,1
Stalking Stones,1
Blighted Steppe,1
Board the Weatherlight,1
Star Compass,1
Socketed Sprocketer,1
Starfield Mystic,1
Soaring Seacliff,1
Body Double,1
Snickering Squirrel,1
Body Dropper,1
Snare Tactician,1
Starfield of Nyx,1
Bogardan Dragonheart,1
Snapback,1
Boldwyr Intimidator,1
Snakeskin Veil,1
Snakeform,1
Bonder's Ornament,1
Smuggler Captain,1
"Starscream, Power Hungry",1
Smoke Shroud,1
Field of Ruin,1
Seeds of Innocence,1
"Breya, Etherium Shaper",1
Revolutionist,1
"Reyhan, Last of the Abzan",1
Rhox Veteran,1
Captain's Claws,1
Rhythm of the Wild,1
Riddlesmith,1
Captain Eberhart,1
Rift Bolt,1
Riftwing Cloudskate,1
Righteous Valkyrie,1
Rimrock Knight,1
Rings of Brighthearth,1
Riptide Entrancer,1
Canyon Jerboa,1
Rise and Shine,1
Rise from the Tides,1
Rewind,1
Reverse Engineer,1
Rishadan Dockhand,1
Reverberate,1
Resilient Khenra,1
Resolute Reinforcements,1
Resounding Thunder,1
Resplendent Angel,1
Carnage Gladiator,1
Restoration Specialist,1
Resurgent Belief,1
Retraction Helix,1
Retreat to Coralhelm,1
Caregiver,1
Retreat to Hagra,1
Retreat to Valakut,1
Captured by Lagacs,1
Reveillark,1
Revel in Riches,1
Canoptek Tomb Sentinel,1
Canal Dredger,1
Carnage Tyrant,1
Rogue Class,1
Call the Skybreaker,1
Rolling Thunder,1
Call of the Nightwing,1
Roon of the Hidden Realm,1
Call of the Herd,1
Rooting Moloch,1
Rootpath Purifier,1
Rot Shambler,1
Rotting Rats,1
Roving Harper,1
Royal Warden,1
Ruby Medallion,1
Rugged Highlands,1
Rugged Prairie,1
Ruin Ghost,1
Role Reversal,1
Caller of Gales,1
Rishkar's Expertise,1
Rockslide Sorcerer,1
Rite of Flame,1
Rith's Grove,1
River Hoopoe,1
Riverglide Pathway,1
Riveteers Charm,1
Canal Courier,1
Rix Maadi Reveler,1
Road // Ruin,1
Roadside Reliquary,1
Campus Renovation,1
Callous Dismissal,1
Robo-,1
Caller of the Untamed,1
Rockshard Elemental,1
Rockslide Elemental,1
Reshape,1
Reprobation,1
Runaway Steam-Kin,1
Cenn's Enlistment,1
Ramunap Hydra,1
Cemetery Protector,1
Cemetery Illuminator,1
Ranger Class,1
Ranger-Captain of Eos,1
"Cecily, Haunted Mage",1
Rapid Hybridization,1
Ratchet Bomb,1
Caves of Chaos Adventurer,1
Cavern of Souls,1
Cavern Harpy,1
Cave of Temptation,1
Ray of Command,1
Razormane Masticore,1
Razortide Bridge,1
Rampant Growth,1
Rampaging Ferocidon,1
Realmwright,1
Cenn's Tactician,1
Radiant's Judgment,1
Champion of the Flame,1
Chalice of the Void,1
Chainweb Aracnir,1
Raging Kronch,1
Chains of Custody,1
Rain of Gore,1
Rain of Revelation,1
Cetavolver,1
Rakdos Cackler,1
Cephalid Constable,1
Rakdos Charm,1
Rakdos the Defiler,1
Centaur Vinecrasher,1
"Ral, Storm Conduit",1
Read the Bones,1
Cavalcade of Calamity,1
Repopulate,1
Regrowth,1
Reito Sentinel,1
Rekindling Phoenix,1
Relic of Progenitus,1
Reliquary Tower,1
Carrier Thrall,1
Remorseful Cleric,1
Remote Isle,1
Remove Soul,1
Render Inert,1
Renegade Freighter,1
Renegade Wheelsmith,1
Repair and Recharge,1
Carnivorous Death-Parrot,1
Repeating Barrage,1
Replication Specialist,1
"Reidane, God of the Worthy",1
Regicide,1
Reassembling Skeleton,1
Regal Behemoth,1
Recalibrate,1
Reckless Bushwhacker,1
Cauldron Familiar,1
Reckless Fireweaver,1
Reckless Impulse,1
Reckless Spite,1
Reckless Wurm,1
Cataclysmic Gearhulk,1
Casualties of War,1
Recoup,1
Cast Out,1
Cartouche of Strength,1
Red Elemental Blast,1
Reflecting Pool,1
Refuse // Cooperate,1
Run Amok,1
Rundvelt Hordemaster,1
Shaggy Camel,1
Seal of Primordium,1
Brought Back,1
Searchlight Companion,1
Seaside Citadel,1
Broodmate Dragon,1
Broodbirth Viper,1
Bronze Calendar,1
Secluded Steppe,1
Second Sunrise,1
Second Wind,1
Secure the Wastes,1
"Brokkos, Apex of Forever",1
See the Truth,1
Brokers Hideout,1
Seedcradle Witch,1
Stormfront Pegasus,1
Search Party Captain,1
Seal of Fire,1
Seething Song,1
Seal from Existence,1
Scrap Trawler,1
Buried Alive,1
Scrapwork Cohort,1
Bumbling Pangolin,1
Scrapwork Rager,1
Scrapyard Recombiner,1
Built to Last,1
Sculpting Steel,1
Bubble Snare,1
Scuttletide,1
Scuzzback Marauders,1
Sea Gate,1
Brushland,1
Sea Gate Wreckage,1
"Bruna, the Fading Light",1
Seeker of the Way,1
Seize the Day,1
Scout the Wilderness,1
Serra Avenger,1
Serra the Benevolent,1
Serrated Arrows,1
Brightclimb Pathway,1
Servo Exhibition,1
Set Adrift,1
Setessan Champion,1
Settle Beyond Reality,1
Settle the Wreckage,1
Bribery,1
Shacklegeist,1
Shadow Alley Denizen,1
Briarbridge Tracker,1
Shadow of Mortality,1
Shadowbeast Sighting,1
Briarberry Cohort,1
Brilliant Restoration,1
Serpentine Curve,1
Seize the Soul,1
Serpentine,1
Bring to Light,1
Sejiri Shelter,1
Selesnya Eulogist,1
Brine Comber,1
Selesnya Signet,1
Selfie Preservation,1
Selfless Savior,1
Selhoff Occultist,1
"Selvala, Heart of the Wilds",1
Sensor Splicer,1
Sentinel's Eyes,1
Seraph of Dawn,1
Serendib Efreet,1
"Brimaz, King of Oreskos",1
Serene Master,1
Scrabbling Claws,1
Scourge of Nel Toth,1
Runeboggle,1
Said // Done,1
Cadaver Imp,1
Salt Road Quartermasters,1
Salvage Slasher,1
Cabaretti Courtyard,1
Samite Censer-Bearer,1
"Samut, Vizier of Naktamun",1
Cabaretti Charm,1
Sanctum Prelate,1
Sanctum Weaver,1
Sand Strangler,1
Sandsteppe Citadel,1
Sandsteppe Outcast,1
Sandstone Bridge,1
Sandstone Oracle,1
Sandstorm,1
Sakashima's Student,1
"Sai, Master Thopterist",1
Sapphire Medallion,1
"Cadira, Caller of the Small",1
Runechanter's Pike,1
Runed Stalactite,1
Rupture Spire,1
Rural Recruit,1
Rushing River,1
Rustvale Bridge,1
Ruthless Ripper,1
Ruthless Sniper,1
Ruthless Technomancer,1
"Calix, Guided by Fate",1
Calibrated Blast,1
Safehold Elite,1
Sage of Fables,1
Sage of Hours,1
Sage's Reverie,1
Sanguine Spy,1
Saprazzan Skerry,1
Scoured Barrens,1
Scampering Scorcher,1
Scaretiller,1
Scatter Ray,1
Burn Bright,1
Scavenged Brawler,1
Scavenger Drake,1
Scavenger Grounds,1
Burn Away,1
Sceptre of Eternal Glory,1
Scheming Fence,1
Scholar of the Lost Trove,1
Scion Summoner,1
Scion of Draco,1
Scorch Spitter,1
Buried Ruin,1
Scour All Possibilities,1
Scarab Feast,1
Scalelord Reckoner,1
Cabal Therapist,1
Burning Prophet,1
Sarinth Steelseeker,1
Sarkhan Vol,1
"Sarkhan, the Dragonspeaker",1
Sarulf's Packmate,1
"Sarulf, Realm Eater",1
Satyr Firedancer,1
Cabal Ritual,1
Bygone Bishop,1
Butcher of the Horde,1
Butcher Ghoul,1
Burning of Xinye,1
Savannah Lions,1
Savior of Ollenbock,1
Saw It Coming,1
Saw in Half,1
Stormchaser Chimera,1
Surgeon General Commander,1
Stormscape Familiar,1
Vedalken Aethermage,1
Vampire Sovereign,1
Angel of Sanctions,1
Vanishing,1
Vantress Gargoyle,1
Vapor Snag,1
"Varina, Lich Queen",1
Vastwood Surge,1
Vedalken Anatomist,1
Stormwing Entity,1
Vedalken Archmage,1
Vedalken Ghoul,1
"Vega, the Watcher",1
Ancient Spring,1
Venerable Warsinger,1
Ancient Gold Dragon,1
Ancient Excavation,1
Vampire Lacerator,1
Vampire Hexmage,1
Angelfire Ignition,1
"Valki, God of Lies",1
"Animar, Soul of Elements",1
Urborg Repossession,1
Urborg Scavengers,1
"Urborg, Tomb of Yawgmoth",1
Angrath's Rampage,1
Urza's Factory,1
Anger of the Gods,1
"Urza, Academy Headmaster",1
Anger,1
Angelic Rocket,1
Angelic Purge,1
Utter End,1
"Uurg, Spawn of Turg",1
Angelic Destiny,1
Valiant Rescuer,1
Verdant Command,1
Verdurous Gearhulk,1
Verge Rangers,1
"Vitu-Ghazi, the City-Tree",1
Vizier of the Scorpion,1
Vodalian Hexcatcher,1
Vodalian Illusionist,1
"Vohar, Vodalian Desecrator",1
Voice of Resurgence,1
Voidmage Prodigy,1
Amoeboid Changeling,1
Ambush Viper,1
Volcanic Spite,1
Ambuscade Shaman,1
Ambitious Assault,1
Voldaren Thrillseeker,1
Volrath's Stronghold,1
Voltage Surge,1
Voltaic Key,1
Vizier of Tumbling Sands,1
Vitu-Ghazi Guildmage,1
Verity Circle,1
Vital Splicer,1
Vesperlark,1
Vessel of Nascency,1
Veteran Motorist,1
Vial Smasher the Fierce,1
Viashino Firstblade,1
Viashino Pyromancer,1
Viashino Sandsprinter,1
"Viconia, Drow Apostate",1
Vile Manifestation,1
Ancient Brass Dragon,1
Vindictive Flamestoker,1
Vines of Vastwood,1
Violent Ultimatum,1
Ancestral Mask,1
Viscera Dragger,1
Urbis Protector,1
Urban Daggertooth,1
Unstable Mutation,1
Arcbound Ravager,1
Trumpeting Herd,1
Trygon Predator,1
Tuktuk the Explorer,1
Arcanis the Omnipotent,1
Tunneling Geopede,1
Turn Aside,1
Turn the Earth,1
Tuskeri Firewalker,1
Tuskguard Captain,1
Twilight Mire,1
Arcane Sanctum,1
Arcane Proxy,1
Twisted Abomination,1
Twisted Image,1
Two-Handed Axe,1
True-Name Nemesis,1
Trostani's Summoner,1
Tymaret Calls the Dead,1
Trostani Discordant,1
Archon of Emeria,1
Archon of Coronation,1
Treva's Ruins,1
Archmage's Charm,1
Archivist of Oghma,1
Archfiend's Vessel,1
Archfiend of Ifnir,1
Archetype of Finality,1
Archdemon of Paliano,1
Triskaidekaphile,1
Triskelavus,1
Triskelion,1
Tromp the Domains,1
Trophy Mage,1
Archangel of Thune,1
Two-Headed Giant,1
Tyrant's Scorn,1
Unseal the Necropolis,1
"Aphemia, the Cacophony",1
Undermountain Adventurer,1
Anrakyr the Traveller,1
Underworld Rage-Hound,1
Anointed Procession,1
Annul,1
Unflinching Courage,1
Unhallowed Pact,1
Annoyed Altisaur,1
Unleash the Inferno,1
Unlicensed Disintegration,1
Anje's Ravager,1
Unmake,1
Unmarked Grave,1
Unquenchable Thirst,1
Unquestioned Authority,1
Underhanded Designs,1
Underground River,1
Tyrranax Rex,1
Undercity Informer,1
"Tyvar, Jubilant Brawler",1
Uba Mask,1
"Ugin, the Ineffable",1
Ulamog's Crusher,1
"Ulamog, the Infinite Gyre",1
Ulvenwald Oddity,1
Umara Wizard,1
Umbral Mantle,1
Apprentice Necromancer,1
Unbounded Potential,1
Unbreakable Formation,1
Apocalypse Hydra,1
Undead Alchemist,1
Undead Butler,1
Undead Warchief,1
Voracious Greatshark,1
Amateur Auteur,1
Voracious Typhon,1
Aether Chaser,1
Adventuring Gear,1
Words of Wilding,1
Workshop Warchief,1
Adriana's Valor,1
Worldly Tutor,1
Worm Harvest,1
Wrap in Vigor,1
Adorable Kitten,1
Wrenn and Realmbreaker,1
Adarkar Wastes,1
Act of Aggression,1
Wretched Camel,1
Writhing Necromass,1
Acorn Catapult,1
X,1
Aether Adept,1
Aether Searcher,1
Xorn,1
Wolfwillow Haven,1
Wing Splicer,1
Against All Odds,1
Winged Shepherd,1
Wings of the Guard,1
Winter Eladrin,1
Aethersphere Harvester,1
Witch's Oven,1
Withdraw,1
Witherbloom Campus,1
Aetherling,1
Witness the Future,1
Witty Roastmaster,1
Wizard Class,1
Aether Tradewinds,1
Wojek Halberdiers,1
Accumulated Knowledge,1
Yavimaya Coast,1
Winds of Rebuke,1
"Yusri, Fortune's Flame",1
Abzan Ascendancy,1
Abundant Growth,1
"Zellix, Sanity Flayer",1
Zephyr Boots,1
"Zethi, Arcane Blademaster",1
Zhur-Taa Druid,1
Absorb Vis,1
"Ziatora, the Incinerator",1
"Zirda, the Dawnwaker",1
Zombified,1
Aberrant Researcher,1
Zulaport Duelist,1
Zur the Enchanter,1
Zuran Orb,1
Zuran Spellcaster,1
"Zabaz, the Glimmerwasp",1
"Yuriko, the Tiger's Shadow",1
Access Tunnel,1
Young Wolf,1
Access Denied,1
Academy Wall,1
"Yawgmoth, Thran Physician",1
Yet Another Aether Vortex,1
Academy Rector,1
Yotia Declares War,1
Yotian Dissident,1
Academy Manufactor,1
You Come to a River,1
You Find a Cursed Idol,1
Abzan Falconer,1
You Meet in a Tavern,1
You See a Pair of Goblins,1
Young Blue Dragon,1
Abzan Battle Priest,1
Agent of Acquisitions,1
Winds of Abandon,1
Voracious Vacuum,1
War Flare,1
All That Glitters,1
Warmonger Hellkite,1
Warren Instigator,1
Wash Away,1
Waste Management,1
Aligned Hedron Network,1
Wasteland Viper,1
"Alharu, Solemn Ritualist",1
Watcher in the Mist,1
Watcher of the Spheres,1
Waterfront District,1
Algae Gharial,1
Alchemist's Retrieval,1
"Alandra, Sky Dreamer",1
Weaponize the Monsters,1
Warbriar Blessing,1
Wander in Death,1
Wedding Announcement,1
Alrund's Epiphany,1
Vorinclex,1
Voyaging Satyr,1
Altered Ego,1
Vraska's Contempt,1
Alseid of Life's Bounty,1
"Vraska, Swarm's Eminence",1
Vulshok Morningstar,1
Vulshok Sorcerer,1
Vulturous Aven,1
Wake Thrasher,1
Wake the Past,1
Wakedancer,1
Waker of Waves,1
"Alrund, God of the Cosmos",1
Wall of Fortune,1
Weaver of Harmony,1
Weigh Down,1
Windrider Wizard,1
Wildborn Preserver,1
Wildest Dreams,1
Wildfire,1
Wildfire Devils,1
Wildfire Elemental,1
Will Kenrith,1
Will of the All-Hunter,1
Willing Test Subject,1
Willow Geist,1
Wilt,1
Wind-Scarred Crag,1
Windborn Muse,1
Windcaller Aven,1
Ainok Bond-Kin,1
Winding Constrictor,1
Agony Warp,1
Wilderness Reclamation,1
Wild-Magic Sorcerer,1
Weight Advantage,1
Wild Nacatl,1
Welcome to the Fold,1
Welcoming Vampire,1
Welding Jar,1
Werebear,1
Akrasan Squire,1
Wheel of Misfortune,1
Whir of Invention,1
Akki Scrapchomper,1
Whispers of the Muse,1
Whitemane Lion,1
Widespread Thieving,1
Wild Beastmaster,1
Wild Cantor,1
Wild Crocodile,1
Airlift Chaplain,1
Treasury Thrull,1
Archon of Sun's Grace,1
Archpriest of Shadows,1
"Tamiyo, Compleated Sage",1
Become Immense,1
Bearscape,1
Bear Umbra,1
Tanglepool Bridge,1
Tapping at the Window,1
Bazaar Trademage,1
"Tasigur, the Golden Fang",1
"Tatyova, Benthic Druid",1
Taurean Mauler,1
Teacher's Pet,1
Bayou Groff,1
Technomancer,1
Battle of Frost and Fire,1
Teething Wurmlet,1
Teferi's Protection,1
"Tamiyo, the Moon Sage",1
"Tamiyo, Collector of Tales",1
"Teferi, Temporal Archmage",1
"Tameshi, Reality Architect",1
"Tajic, Blade of the Legion",1
Benthic Biomancer,1
Tale's End,1
Talent of the Telepath,1
Benefactor's Draught,1
Benalish Marshal,1
Talisman of Curiosity,1
Belfry Spirit,1
Behold the Unspeakable,1
Talisman of Impulse,1
Behold the Multiverse,1
Beetleback Chief,1
Talisman of Resilience,1
Talisman of Unity,1
"Talrand, Sky Summoner",1
Battle at the Bridge,1
"Teferi, Temporal Pilgrim",1
Tail Swipe,1
Basri's Lieutenant,1
Tenth District Legionnaire,1
Basking Rootwalla,1
Basilisk Gate,1
Terisian Mindbreaker,1
Terisiare's Devastation,1
Terminal Agony,1
Terminal Moraine,1
Basilisk Collar,1
Terminus,1
Terramorphic Expanse,1
Basilica Screecher,1
"Basandra, Battle Seraph",1
Terror of the Peaks,1
"Teshar, Ancestor's Apostle",1
Teysa Karlov,1
Basri's Acolyte,1
Temur War Shaman,1
Teleportation Circle,1
Temur Charm,1
Telling Time,1
Tempest Djinn,1
Bat-,1
Temple of Deceit,1
Temple of Enlightenment,1
Temple of Epiphany,1
Temple of Mystery,1
Temporal Cleansing,1
Temporal Fissure,1
Temporal Isolation,1
Temporal Manipulation,1
Temporal Mastery,1
Temporal Spring,1
Temporary Lockdown,1
Temur Battle Rage,1
Tainted Pact,1
"Taigam, Sidisi's Hand",1
Barren Moor,1
Blanchwood Prowler,1
Summary Dismissal,1
Summon the Pack,1
Summoner's Bond,1
Summoning Station,1
Sun Titan,1
Blackbloom Rogue,1
Sunblade Samurai,1
Black Vise,1
Sundown Pass,1
Sunforger,1
Black Market Tycoon,1
"Sunhome, Fortress of the Legion",1
Black Lotus,1
Sunscorched Desert,1
Super-Duper Death Ray,1
Blacksmith's Skill,1
Sulfur Falls,1
Supreme Verdict,1
Suit Up,1
Strategic Planning,1
Stream Hopper,1
Blasting Station,1
String of Disappearances,1
"Blaster, Combat DJ",1
Striped Riverwinder,1
Stroke of Genius,1
Stromkirk Occultist,1
Strutting Turkey,1
Blasphemous Act,1
"Subira, Tulzidi Caravanner",1
Sublime Archangel,1
Subtlety,1
Sudden Edict,1
Suffocating Fumes,1
Supply // Demand,1
Supreme Will,1
Berserk,1
Biotransference,1
Sword of Forge and Frontier,1
Sword of Sinew and Steel,1
Big Boa Constrictor,1
Bident of Thassa,1
Sylvan Advocate,1
Sylvan Bounty,1
Beyeen Veil,1
Sylvan Might,1
Sylvan Reclamation,1
Sylvan Safekeeper,1
Sylvan Scrying,1
Sylvok Lifestaff,1
Symmetry Sage,1
Syndic of Tithes,1
"Sythis, Harvest's Hand",1
Biogenic Ooze,1
Sword of Body and Mind,1
"Radha, Heart of Keld",1
Sword Coast Serpent,1
Surly Badgersaur,1
Surrak Dragonclaw,1
Surveilling Sprite,1
Black Dragon Gate,1
Survivors' Encampment,1
Suspicious Stowaway,1
Suture Priest,1
Svyelun of Sea and Sky,1
Svyelunite Temple,1
Swamp,1
Sweep the Skies,1
Black Cat,1
Biting-Palm Ninja,1
Bishop of Binding,1
Swiftwater Cliffs,1
"Teysa, Envoy of Ghosts",1
Tezzeret's Touch,1
Treasure Mage,1
Time of Ice,1
Timeless Lotus,1
Assemble the Legion,1
"Ashnod, Flesh Mechanist",1
Ashnod's Altar,1
Ashling's Prerogative,1
Ashenmoor Liege,1
Titanic Brawl,1
Titanic Ultimatum,1
Titanoth Rex,1
Tithe,1
Ashcloud Phoenix,1
"Ashaya, Soul of the Wild",1
"Toggo, Goblin Weaponsmith",1
Ascended Lawmage,1
Ascendant Spirit,1
Astral Drift,1
Time Warp,1
Tomb Robber,1
Asylum Visitor,1
Audacity,1
Attunement,1
Thunder Drake,1
Thunderbreak Regent,1
Thundering Raiju,1
Attended Knight,1
Thunderscape Battlemage,1
Thwart,1
"Tibalt, Rakish Instigator",1
Tiller Engine,1
Tilonalli's Summoner,1
Time Sidewalk,1
Time Sieve,1
Atarka's Command,1
Time Vault,1
"Tolsimir, Friend to Wolves",1
Tome Raider,1
Augur of Bolas,1
Trading Post,1
Tragic Lesson,1
"Ardoz, Cobbler of War",1
Trail of Evidence,1
Tramway Station,1
Tranquil Cove,1
Tranquil Thicket,1
Transguild Promenade,1
Traumatic Visions,1
Ardent Recruit,1
Traveler's Amulet,1
Traverse the Ulvenwald,1
"Traxos, Scourge of Kroog",1
Treacherous Terrain,1
Ardent Elementalist,1
Arcum Dagsson,1
Tragic Fall,1
Trade Routes,1
Ascend from Avernus,1
Tracker's Instincts,1
Topan Freeblade,1
Topiary Stomper,1
Arni Slays the Troll,1
Topsy Turvy,1
"Torbran, Thane of Red Fell",1
Torch Fiend,1
"Torens, Fist of the Angels",1
Tormenting Voice,1
Arms of Hadar,1
Arms Dealer,1
Armored Skyhunter,1
"Armix, Filigree Thrasher",1
Armadillo Cloak,1
Argentum Masticore,1
Argentum Armor,1
Augmenting Automaton,1
Throne of the God-Pharaoh,1
"Thada Adel, Acquisitor",1
The Immortal Sun,1
The Locust God,1
Baleful Mastery,1
The Mightstone and Weakstone,1
Balefire Liege,1
The Mycosynth Gardens,1
Balefire Dragon,1
The Phasing of Zhalfir,1
Balduvian Atrocity,1
Bag of Holding,1
Baffling End,1
The Royal Scions,1
Backup Plan,1
The Tabernacle at Pendrell Vale,1
Backdraft Hellkite,1
The Weatherseed Treaty,1
The Kami War,1
The Great Henge,1
Theater of Horrors,1
The Grand Calcutron,1
Thalia's Geistcaller,1
Baron Von Count,1
"Thalia, Heretic Cathar",1
Barkchannel Pathway,1
"Thassa, Deep-Dwelling",1
The Akroan War,1
The Big Idea,1
The Binding of the Titans,1
The Birth of Meletis,1
The Blackstaff of Waterdeep,1
The Countdown Is at One,1
Barbarian Ring,1
Bannerhide Krushok,1
The Eternal Wanderer,1
Banefire,1
The World Tree,1
Azure Mage,1
Augury Raven,1
Avalanche Riders,1
Avacyn's Judgment,1
Authority of the Consuls,1
Thousand-Faced Shadow,1
Auriok Sunchaser,1
Auriok Steelshaper,1
Auriok Bladewarden,1
"Aurelia, the Warleader",1
Three-Headed Goblin,1
"Aurelia, Exemplar of Justice",1
Thriving Bluff,1
Thriving Grove,1
Thriving Heath,1
Thriving Isle,1
Thriving Moor,1
Throne Warden,1
Thought Vessel,1
Thought Courier,1
Thermo-Alchemist,1
Thornwood Falls,1
Azra Oddsmaker,1
Thief of Sanity,1
"Ayara, Widow of the Realm",1
"Ayara, First of Locthwain",1
Think Twice,1
Avenger of Zendikar,1
Aven Sunstriker,1
Thirst for Meaning,1
Aven Squire,1
Thopter Mechanic,1
Thopter Spy Network,1
Aven Eternal,1
Thornado,1
Thornglint Bridge,1
Thornweald Archer,1
Champion of the Perished,1
Progenitus,1
Chance for Glory,1
Infuse with Vitality,1
Inexorable Blob,1
Infectious Horror,1
Dungeon Geists,1
Dunes of the Dead,1
Infest,1
Infiltration Lens,1
Infinity Elemental,1
Dunerider Outlaw,1
Jace Beleren,1
Inhumaniac,1
Inkfathom Witch,1
Inkmoth Nexus,1
Inkwell Leviathan,1
Dueling Rapier,1
Inscribed Tablet,1
Inspired Sprite,1
Indulging Patrician,1
Indrik Umbra,1
Duplicant,1
Incursion Specialist,1
Illuminor Szeras,1
Illusionist's Stratagem,1
Illusory Angel,1
Ilysian Caryatid,1
Immediate Action,1
Eager Beaver,1
Imotekh the Stormlord,1
Imperial Oath,1
Imperial Recovery Unit,1
Dynacharge,1
Impulse,1
In Search of Greatness,1
Incendiary Dissent,1
Durable Handicraft,1
Incubation Druid,1
Inspired Tinkering,1
Druidic Satchel,1
Druidic Ritual,1
Dreamshackle Geist,1
Irencrag Pyromancer,1
Iridescent Drake,1
"Iroas, God of Victory",1
Iron Apprentice,1
Dreamscape Artist,1
"Isamaru, Hound of Konda",1
"Ishai, Ojutai Dragonspeaker",1
Island,1
Isolated Chapel,1
It That Gets Left Hanging,1
Ivory Tower,1
Ivy Lane Denizen,1
Dreamroot Cascade,1
Izzet Charm,1
Izzet Guildmage,1
Ire Shaman,1
"Inzerva, Master of Insights",1
Intellectual Offering,1
Invoke Despair,1
Invasion of Arcavios,1
Drossforge Bridge,1
Dromoka Captain,1
Invasion of Innistrad,1
Invasion of Kaldheim,1
Dromar's Cavern,1
Drogskol Infantry,1
Driver of the Dead,1
Invasion of Theros,1
Drey Keeper,1
Invasion of Zendikar,1
Inventive Iteration,1
Dreg Mangler,1
Invigorating Boon,1
Invigorating Hot Spring,1
Illuminator Virtuoso,1
Illithid Harvester,1
Earl of Squirrel,1
Heroic Intervention,1
Elite Vanguard,1
Hidden Strings,1
Hidetsugu Consumes All,1
Elephant Guide,1
Hinterland Harbor,1
"Elenda, the Dusk Rose",1
Hissing Iguanar,1
Hissing Quagmire,1
History of Benalia,1
Hive of the Eye Tyrant,1
"Hogaak, Arisen Necropolis",1
Hoisted Hireling,1
Electrostatic Infantry,1
Hollowhenge Spirit,1
Homestead Courage,1
Heroic Reinforcements,1
Hero's Downfall,1
Electrodominance,1
Hero of Precinct One,1
Hedonist's Trove,1
Hedron Archive,1
Hedron Detonator,1
"Elspeth, Knight-Errant",1
Heliod's Pilgrim,1
Elspeth's Smite,1
Hell Mongrel,1
Elspeth's Nightmare,1
Elspeth Resplendent,1
Hengegate Pathway,1
Henrika Domnathi,1
Herald of Anguish,1
Herald of the Pantheon,1
Hermit Druid,1
Hero of Bladehold,1
Honored Hydra,1
Hope Tender,1
Ignite the Future,1
Hushwing Gryff,1
Elder Gargaroth,1
"Elbrus, the Binding Blade",1
Eidolon of Blossoms,1
Hypnotic Specter,1
Hystrodon,1
Eerie Ultimatum,1
Icatian Javelineers,1
Ice Cage,1
"Ich-Tekik, Salvage Splicer",1
Eccentric Farmer,1
Ichor Wellspring,1
Idol of Oblivion,1
Earthshaker Giant,1
Idyllic Tutor,1
Ifnir Deadlands,1
Hydradoodle,1
Huntmaster of the Fells,1
Hope of Ghirapur,1
Elder Mastery,1
Eldrazi Skyspawner,1
Eldrazi Displacer,1
Horizon Stone,1
Hornet Queen,1
Horribly Awry,1
Horror of the Broken Lands,1
Hostage Taker,1
Hostile Desert,1
Hot Fix,1
Hour of Promise,1
How to Keep an Izzet Mage Busy,1
Eldrazi Conscription,1
Hullbreaker Horror,1
Humble Defector,1
Humming-,1
Dream Halls,1
"Jace, Architect of Thought",1
Lazotep Reaver,1
Dokuchi Silencer,1
Kird Ape,1
Doom Foretold,1
"Domri, Anarch of Bolas",1
"Klothys, God of Destiny",1
Domri's Ambush,1
Dominate,1
Dollhouse of Horrors,1
Knight of the White Orchid,1
Dreadmalkin,1
Knight-Errant of Eos,1
Dockside Extortionist,1
Kodama of the West Tree,1
Kodama's Reach,1
Dockside Chef,1
Djeru's Renunciation,1
"Koma, Cosmos Serpent",1
Doomed Artisan,1
Kiora Bests the Sea God,1
"Kinnan, Bonder Prodigy",1
Kingpin's Pet,1
"Kemba, Kha Enduring",1
"Kenrith, the Returned King",1
Doomwake Giant,1
Kessig Cagebreakers,1
Kessig Wolf Run,1
Doomskar,1
Key to the City,1
Khalni Ambush,1
Khalni Garden,1
Kher Keep,1
Kheru Mind-Eater,1
Kill Shot,1
Kill! Maim! Burn!,1
King Darien XLVIII,1
"King Macar, the Gold-Cursed",1
Kor Chant,1
Kor Haven,1
Kor Skyfisher,1
Displacement Wave,1
Lace with Moonglove,1
Displace,1
Dispeller's Capsule,1
Lair of the Hydra,1
Land Tax,1
Dispel,1
Dispatch,1
Lash of Malice,1
Last Gasp,1
Last Stand,1
Lava Coil,1
Disowned Ancestor,1
Dismiss,1
Lawmage's Binding,1
Dismal Backwater,1
Labro Bot,1
Laboratory Drudge,1
Kor Spiritdancer,1
Displacer Kitten,1
"Korvold, Fae-Cursed King",1
Dive Down,1
Kozilek's Channeler,1
Krark-Clan Ironworks,1
Krenko's Command,1
"Krenko, Tin Street Kingpin",1
Krosan Restorer,1
Krosan Tusker,1
Kroxa and Kunoros,1
Dissolve,1
Kuldotha Forgemaster,1
Dissipate,1
Kumena's Awakening,1
"Kunoros, Hound of Athreos",1
"Kura, the Boundless Sky",1
Keldon Strike Team,1
Keldon Megaliths,1
Keldon Marauders,1
Drannith Magistrate,1
"Jhoira, Weatherlight Captain",1
Drannith Healer,1
"Jin-Gitaxias, Progress Tyrant",1
"Jinnie Fay, Jetmir's Second",1
Drake Haven,1
Joraga Warcaller,1
Draining Whelk,1
Judge's Familiar,1
Dragonwing Glider,1
Jugan Defends the Temple,1
Jukai Naturalist,1
Jumbo Imp,1
Jund Hackblade,1
Jungle Hollow,1
Jungle Shrine,1
Jeweled Amulet,1
Drannith Ruins,1
"Junji, the Midnight Sky",1
Jet Medallion,1
Dreadbore,1
Dread Wanderer,1
Jackal Pup,1
Dread Statuary,1
Jade Avenger,1
Jade Mage,1
"Jan Jansen, Chaos Crafter",1
"Jared Carthalion, True Heir",1
Jaspera Sentinel,1
Jeering Homunculus,1
Jeering Instigator,1
Jeska's Will,1
Drannith Stinger,1
Jeskai Elder,1
Jeskai Sage,1
Jungleborn Pioneer,1
Dragonspark Reactor,1
Keepsake Gorgon,1
Dr. Julius Jumblemorph,1
Double Vision,1
"Karn, the Great Creator",1
Karplusan Forest,1
"Kasmina, Enigmatic Mentor",1
Kathari Bomber,1
Kathari Screecher,1
Katilda and Lier,1
"Katilda, Dawnhart Martyr",1
"Katilda, Dawnhart Prime",1
Double Stroke,1
Kaya's Wrath,1
Kazandu Mammoth,1
Kazandu Tuskcaller,1
"Kazuul, Tyrant of the Cliffs",1
Keeper of Keys,1
Dovin's Veto,1
Drach'Nyen,1
Justice Strike,1
Kardur's Vicious Return,1
Jwari Disruption,1
"K'rrik, Son of Yawgmoth",1
Kaalia of the Vast,1
Kabira Takedown,1
Kaito Shizuki,1
"Kalain, Reclusive Painter",1
Dragonlair Spider,1
Dragon Tempest,1
Kalemne's Captain,1
"Kalitas, Traitor of Ghet",1
Dragon Fodder,1
Kami of Whispered Hopes,1
Kami of the Crescent Moon,1
Kappa Cannoneer,1
"Karador, Ghost Chieftain",1
Heartless Act,1
Heartfire,1
Heartbeat of Spring,1
Fae Offering,1
Gallant Cavalry,1
Galvanic Blast,1
Faerie Artisans,1
Gang of Devils,1
Garbage Elemental,1
Garbage Fire,1
Gargoyle Castle,1
Garrulous Sycophant,1
Healer's Hawk,1
Gather the Townsfolk,1
"Gavi, Nest Warden",1
Gearsmith Prodigy,1
Faceless Butcher,1
Geistwave,1
Fabricate,1
Gemstone Mine,1
Gainsay,1
Faerie Duelist,1
GO TO JAIL,1
Faith Unbroken,1
Fracture,1
"Faldorn, Dread Wolf Herald",1
Free-Range Chicken,1
Free-for-All,1
Frenzied Fugue,1
Faithful Mending,1
Frogmite,1
Frontier Bivouac,1
Frost Titan,1
Frost Trickster,1
Fulminator Mage,1
Fumigate,1
Fumiko the Lowblood,1
Faith's Reward,1
Furious Rise,1
Eyes in the Skies,1
Generous Visitor,1
Eyeblight Massacre,1
Gigantomancer,1
Explorer's Scope,1
Gilded Lotus,1
"Gisela, Blade of Goldnight",1
"Gisela, the Broken Blade",1
Exploding Borders,1
Experimental Frenzy,1
Experiment One,1
Expendable Lackey,1
Glasspool Mimic,1
Gleam of Resistance,1
Glen Elendra Archmage,1
Glimmervoid,1
Glint-Horn Buccaneer,1
Expedite,1
Glissa Sunslayer,1
Gigantoplasm,1
Gifts Ungiven,1
Gerrard's Hourglass Pendant,1
Expunge,1
Ghastly Demise,1
Ghirapur Gearcrafter,1
Eye Collector,1
Ghost Town,1
Ghost of Ramirez DePietro,1
Ghostfire Blade,1
Extremely Slow Zombie,1
Ghostly Pilferer,1
Ghostly Prison,1
"Giada, Font of Hope",1
Giant Growth,1
Extraction Specialist,1
Gideon Blackblade,1
Gideon Jura,1
Gideon's Lawkeeper,1
Fowl Play,1
Foundry of the Consuls,1
Foundry Inspector,1
Fire-Lit Thicket,1
Fireblade Artist,1
Fireblade Charger,1
"Feather, the Redeemed",1
Feat of Resistance,1
Firebrand Archer,1
Firedrinker Satyr,1
Feast of Succession,1
Fires of Victory,1
Fires of Yavimaya,1
Fireshrieker,1
Feast of Sanity,1
Fearless Fledgling,1
First-Sphere Gargantua,1
Fists of Ironwood,1
Five-Finger Discount,1
Fireball,1
Fire-Belly Changeling,1
"Fblthp, the Lost",1
Fire Prophecy,1
Fierce Witchstalker,1
Fiery Cannonade,1
Fiery Fall,1
Fell the Mighty,1
Felidar Retreat,1
Felidar Guardian,1
"Feldon, Ronom Excavator",1
Filigree Familiar,1
Filigree Vector,1
Final Fortune,1
Feldon of the Third Path,1
Find // Finality,1
Feisty Stegosaurus,1
Feign Death,1
Fire Diamond,1
Flagstones of Trokair,1
Flame-Blessed Bolt,1
Falkenrath Noble,1
Foil,1
Fanatic of Mogis,1
Forbidden Friendship,1
Forbidden Orchard,1
Famished Foragers,1
Force of Vigor,1
Fall from Favor,1
Forest,1
Forgotten Ancient,1
Forgotten Cave,1
Form of the Mulldrifter,1
Forsake the Worldly,1
Forsaken Monument,1
Fortune Thief,1
Foulmire Knight,1
Foundation Breaker,1
Farhaven Elf,1
Flusterstorm,1
Flameblade Adept,1
Flurry of Horns,1
Flameblade Angel,1
Flamerush Rider,1
Fathom Mage,1
Fathom Feeder,1
Flamewright,1
Fateful Absence,1
Flayer Husk,1
Fleetfeather Cockatrice,1
Fleshbag Marauder,1
Fate Unraveler,1
Farm // Market,1
"Florian, Voldaren Scion",1
Flourishing Fox,1
Flow of Knowledge,1
Flowstone Overseer,1
Glistener Seer,1
Expansion // Explosion,1
Glorious Protector,1
Guardian of Tazeem,1
Guerrilla Tactics,1
Guild Thief,1
Guildless Commons,1
Guildpact Informant,1
Guildsworn Prowler,1
Gurgling Anointer,1
Gurmag Angler,1
Empyrean Eagle,1
Gut Shot,1
Empty the Warrens,1
Guttersnipe,1
Guul Draz Vampire,1
"Gyruda, Doom of Depths",1
Haazda Marshal,1
"Half-Orc, Half-",1
Guardian of the Guildpact,1
Empyrial Plate,1
"Half-Squirrel, Half-",1
Guardian of Faith,1
Enchanted Prairie,1
Grizzly Fate,1
Ground Pounder,1
Grove of the Burnwillows,1
Growth Spiral,1
Growth Spurt,1
"Grumgully, the Generous",1
Gruul Signet,1
Gruul Spellbreaker,1
"Emrakul, the Promised End",1
Gryff's Boon,1
Guardian Gladewalker,1
Guardian Idol,1
Guardian Project,1
Guardian Scalelord,1
"Half-Shark, Half-",1
Halimar Depths,1
Grip of Amnesia,1
Emberstrike Duo,1
Ember Beast,1
Harm's Way,1
Harmonic Prodigy,1
Harmonious Archon,1
Harmonize,1
Harrow,1
Hashep Oasis,1
Embalmer's Tools,1
Haunted Library,1
Elvish Spirit Guide,1
Elvish Rejuvenator,1
Haunting Figment,1
Elvish Hexhunter,1
"Hazezon, Shaper of Sand",1
Hazoret the Fervent,1
Hardened Berserker,1
Harbinger of the Tides,1
Halimar Wavewatch,1
Hanweir Garrison,1
Hall of Heliod's Generosity,1
Hall of Oracles,1
Hall of Tagsin,1
Hallowed Burial,1
Emeria's Call,1
Hallowed Haunting,1
Hallowed Spiritkeeper,1
Halo Hopper,1
Emerge Unscathed,1
Hammer Jammer,1
Emcee,1
Emberwilde Captain,1
Hanged Executioner,1
Hangman,1
Hanweir Battlements,1
Enchantress's Presence,1
Grinding Station,1
Exotic Orchard,1
Goblin Gaveleer,1
Ethersworn Canonist,1
Goblin Instigator,1
Goblin Matron,1
Goblin Morningstar,1
Goblin War Party,1
Ethereal Armor,1
Etched Champion,1
"Etali, Primal Storm",1
"Godo, Bandit Warlord",1
Estrid's Invocation,1
Golden Egg,1
Goldhound,1
Goldmire Bridge,1
Essence Capture,1
Goldvein Pick,1
Euroakus,1
Eutropia the Twice-Favored,1
Golgari Signet,1
Evil Twin,1
Executioner's Capsule,1
Gnarled Scarhide,1
Gnarlid Colony,1
Gnarlwood Dryad,1
Gnawing Vermin,1
Gnome-Made Engine,1
Go for Blood,1
Go-Shintai of Boundless Vigor,1
Excavated Wall,1
Goblin Arsonist,1
Goblin Banneret,1
Evolutionary Escalation,1
Goblin Bookie,1
Evolution Sage,1
Goblin Chainwhirler,1
Golgari Grave-Troll,1
Golgari Thug,1
Grim Return,1
Entrancing Lyre,1
Entourage of Trest,1
Greater Gargadon,1
Greater Sandwurm,1
Greater Tanuki,1
Entirely Normal Armchair,1
Greenseeker,1
"Grenzo, Dungeon Warden",1
"Grenzo, Havoc Raiser",1
Enigmatic Incarnation,1
Grim Discovery,1
Endless Atlas,1
Grim Hireling,1
Grim Initiate,1
Enclave Elite,1
Enclave Cryptologist,1
"Greasefang, Okiba Boss",1
Entrancing Melody,1
Escape Protocol,1
Gravedigger,1
Ertai's Scorn,1
Good-Fortune Unicorn,1
"Gorex, the Tombshell",1
"Graaz, Unstoppable Juggernaut",1
Errant Ephemeron,1
Grand Architect,1
Errant Doomsayers,1
"Erinis, Gloom Stalker",1
Erebos's Intervention,1
Epochrasite,1
Ephara's Dispersal,1
Grave Upheaval,1
Graveblade Marauder,1
Gravebreaker Lamia,1
Gravecrawler,1
Lazotep Plating,1
Lead the Stampede,1
Racers' Ring,1
Common Courtesy,1
Ornate Kanzashi,1
Ornithopter,1
Orochi Merge-Keeper,1
Commune with Spirits,1
Orzhov Charm,1
Common Iguana,1
"Osgir, the Reconstructor",1
Ossification,1
Peppersmoke,1
Oswald Fiddlebender,1
Commit // Memory,1
Oust,1
Out of Time,1
Outnumber,1
Over My Dead Bodies,1
Overflowing Insight,1
Orim's Chant,1
Origin Spellbomb,1
Compelling Argument,1
Ordeal of Thassa,1
Oneirophage,1
Ongoing Investigation,1
Confessor,1
Onyx Mage,1
Oona's Blackguard,1
Oona's Prowler,1
Open the Armory,1
Opportunity,1
Conclave Tribunal,1
Conclave Naturalists,1
Concealed Courtyard,1
Opulent Palace,1
Oracle of Tragedy,1
Oracle of the Alpha,1
Orcish Hellraiser,1
Overgrown Farmland,1
Comeuppance,1
Overgrowth,1
Parhelion II,1
Past in Flames,1
Colossal Might,1
Patchwork Gnomes,1
Collector Ouphe,1
Pathbreaker Ibex,1
Patron Wizard,1
Patron of the Vein,1
Cold-Eyed Selkie,1
Pearl Medallion,1
Pegasus Guardian,1
Pelakka Predation,1
Pelakka Wurm,1
Pelt Collector,1
Pendelhaven Elder,1
Pentad Prism,1
Part the Waterveil,1
Colossus Hammer,1
Owlbear,1
Combat Calligrapher,1
Ox of Agonas,1
"Ozolith, the Shattered Spire",1
Pacifism,1
Combustible Gearhulk,1
Pact of Negation,1
Painful Truths,1
Painiac,1
Painted Bluffs,1
Palace Sentinels,1
Palace Siege,1
Paliano Vanguard,1
Combat Professor,1
Combat Celebrant,1
Panoptic Mirror,1
Paradise Druid,1
One with the Multiverse,1
Conflagrate,1
On Thin Ice,1
Nim Lasher,1
Coveted Jewel,1
Ninja's Kunai,1
Covert Technician,1
Nishoba Brawler,1
Court of Ire,1
"Nissa, Vastwood Seer",1
"Nissa, Vital Force",1
Court of Grace,1
Nivmagus Elemental,1
Court Homunculus,1
Noggin Whack,1
Courier's Briefcase,1
Noose Constrictor,1
Norn's Annex,1
Notorious Throng,1
Ninja,1
Nim Deathmantle,1
Countervailing Winds,1
Covetous Castaway,1
Nether Traitor,1
Crib Swap,1
Crawling Barrens,1
Cragcrown Pathway,1
Never // Return,1
Nevinyrral's Disk,1
Cradle of the Accursed,1
"Nicol Bolas, Dragon-God",1
Night Clubber,1
Night Scythe,1
Crackle with Power,1
Nightmare Shepherd,1
Nightpack Ambusher,1
Nightshade Assassin,1
Nightveil Specter,1
Now I Know My ABC's,1
Corrosive Gale,1
Omniscience,1
Contagion Clasp,1
Okiba-Gang Shinobi,1
"Oko, Thief of Crowns",1
Old Gnawbone,1
Old Guard,1
Contagion,1
Conspiracy Theorist,1
Omen Hawker,1
Omen of the Forge,1
Omen of the Sea,1
Consecrated Sphinx,1
"Omnath, Locus of All",1
Conjurer's Bauble,1
"Omnath, Locus of Mana",1
"Omnath, Locus of Rage",1
"Omnath, Locus of the Roil",1
"Oji, the Exquisite Blade",1
"Ognis, the Dragon's Lash",1
Corpse Knight,1
Oddly Uneven,1
Numbing Jellyfish,1
Copy Enchantment,1
Copperhorn Scout,1
Nyxbloom Ancient,1
Oath of Nissa,1
Ob Nixilis's Cruelty,1
"Ob Nixilis, the Adversary",1
Obliterating Bolt,1
Contentious Plan,1
Oblivion Stone,1
"Oboro, Palace in the Clouds",1
Obscura Storefront,1
Containment Priest,1
"Obzedat, Ghost Council",1
Octopus Umbra,1
Penumbra Spider,1
Cogworker's Puzzleknot,1
Leaden Myr,1
Profane Command,1
Chromatic Orrery,1
Prismatic Wardrobe,1
Choking Tethers,1
Prized Amalgam,1
Choking Miasma,1
Prodigal Sorcerer,1
Prodigious Growth,1
Chivalrous Chevalier,1
Cogwork Tracker,1
Festering Goblin,1
Prognostic Sphinx,1
Propaganda,1
Prophet of Kruphix,1
Chivalric Alliance,1
Chief of the Foundry,1
Chicken  la King,1
Chrome Courier,1
Chronomancer,1
Chronomaton,1
Circle of the Land Druid,1
Preening Champion,1
Prepare // Fight,1
Presence of Gond,1
Price of Fame,1
Price of Progress,1
Prickly Boggart,1
Pride of Conquerors,1
Priest of Ancient Lore,1
Priest of Fell Rites,1
Citadel Siege,1
Citadel Gate,1
Prime Speaker Vannifar,1
Prime Speaker Zegana,1
Prism Array,1
Prismari Campus,1
"Chevill, Bane of Monsters",1
Protean Hulk,1
Protean Thaumaturge,1
Charming Prince,1
Pyroconvergence,1
Pyrokinesis,1
Qasali Pridemage,1
Quakefoot Cyclops,1
Quandrix Campus,1
Quandrix Pledgemage,1
Quasiduplicate,1
Changeling Outcast,1
"Chandra, Pyromaster",1
Quiet Contemplation,1
"Quintorius, Field Historian",1
Quirion Dryad,1
Quirion Elves,1
Quirion Explorer,1
Chancellor of the Dross,1
Charcoal Diamond,1
Pyretic Hunter,1
Protect the Negotiators,1
Putrid Leech,1
Protector of the Crown,1
"Prowl, Stoic Strategist",1
Psionic Blast,1
Psychatog,1
Psychic Barrier,1
Psychic Corrosion,1
Psychosis Crawler,1
Psychotic Fury,1
Cheatyface,1
Pulse of Murasa,1
"Chatterfang, Squirrel General",1
"Purphoros, God of the Forge",1
Putrefy,1
Putrid Goblin,1
Chasm Skulker,1
Predatory Nightstalker,1
Predators' Hour,1
Precursor Golem,1
Cloudfin Raptor,1
Phyrexian Delver,1
Clockwork Servant,1
Phyrexian Ghoul,1
Phyrexian Ingester,1
Clocknapper,1
Phyrexian Missionary,1
Cloakwood Swarmkeeper,1
Phyrexian Rager,1
Phyrexian Reclamation,1
Cloaked Siren,1
Clifftop Retreat,1
Cliffside Rescuer,1
Phyrexian Triniform,1
Phyrexian Vindicator,1
Pia Nalaar,1
Phyrexian Arena,1
Cloudpost,1
Pieces of the Puzzle,1
"Phoebe, Head of S.N.E.A.K.",1
Cogwork Grinder,1
Codex Shredder,1
Persistent Specimen,1
Personal Tutor,1
Persuasion,1
Cobbled Lancer,1
Coalition Honor Guard,1
Pestilence,1
Petrified Field,1
Phantasmal Bear,1
Phantasmal Dragon,1
Phantasmal Dreadmaw,1
Clown Car,1
Cloudseeder,1
Phantom Tiger,1
Cliffgate,1
Pierce Strider,1
Precognitive Perception,1
Plumeveil,1
Clattering Augur,1
Clamor Shaman,1
"Polukranos, World Eater",1
Polymorphist's Jest,1
Clam-I-Am,1
Pongify,1
Claim the Firstborn,1
Pore Over the Pages,1
Claim // Fame,1
Civilized Scholar,1
Poultrygeist,1
Power Conduit,1
Power Depot,1
City of Ass,1
Poxwalkers,1
Plundering Barbarian,1
Plow Under,1
Clever Combo,1
Plaxcaster Frogling,1
Clearwater Pathway,1
Pili-Pala,1
Pillory of the Sleepless,1
"Pippa, Duchess of Dice",1
Pit Keeper,1
Pitchburn Devils,1
Pitiless Plunderer,1
Pixie Illusionist,1
Cleansing Wildfire,1
Plagued Rusalka,1
Plains,1
Cleansing Nova,1
Clay Revenant,1
Plated Crusher,1
Claustrophobia,1
Crimson Fleet Commodore,1
Nest Invader,1
Nessian Asp,1
Manor Gate,1
Defiant Strike,1
Mana Reflection,1
Defiant Falcon,1
Deepwood Denizen,1
Managorger Hydra,1
Mangara of Corondor,1
Manifold Key,1
Mantle of the Ancients,1
Nephalia Smuggler,1
Marble Diamond,1
March of Swirling Mist,1
Deem Worthy,1
Decree of Justice,1
Marchesa's Infiltrator,1
Mardu Scout,1
Marionette Master,1
Defile,1
Mana Crypt,1
Defiler of Dreams,1
Mana Cannons,1
Maestros Theater,1
Demilich,1
Mage's Guile,1
Magic Word,1
Magister of Worth,1
Magma Jet,1
Magma Opus,1
Magmatic Channeler,1
Make Disappear,1
Makeshift Mannequin,1
Makeshift Munitions,1
Deftblade Elite,1
"Malcator, Purity Overseer",1
Malevolent Hermit,1
Malicious Affliction,1
Markov Baron,1
Decimate,1
Marsh Flitter,1
Deathbringer Liege,1
Mayhem Patrol,1
Mazemind Tome,1
"Megatron, Tyrant",1
Memnarch,1
Memnite,1
Memorial to Glory,1
Death Wind,1
Death Denied,1
Memory Leak,1
Menagerie Liberator,1
Deal Broker,1
Deadly Recluse,1
Mentor of the Meek,1
Mer Man,1
Mer-Ek Nightblade,1
Deathbloom Thallid,1
Deathbringer Thoctar,1
Marshaling Cry,1
Maul Splicer,1
Martyr of Frost,1
"Marwyn, the Nurturer",1
Mask of Memory,1
Mask of Riddles,1
Mask of the Jadecrafter,1
Massive Might,1
Master Splicer,1
Master Transmuter,1
Master of Cruelties,1
Deathreap Ritual,1
Master of Predicaments,1
Master of Waves,1
Master of the Wild Hunt,1
Master's Rebuke,1
Masterwork of Ingenuity,1
Maelstrom Wanderer,1
Abandoned Sarcophagus,1
Mad Science Fair Project,1
"Light-Paws, Emperor's Voice",1
Didn't Say Please,1
Diamond Knight,1
Lightning Helix,1
Lightning Rift,1
Diabolic Tutor,1
Devour in Flames,1
Liliana's Elite,1
Liliana's Specter,1
Liliana's Triumph,1
"Liliana, Death's Majesty",1
"Liliana, Dreadhorde General",1
Devastation Tide,1
Destroy Evil,1
"Linvala, Keeper of Silence",1
Destiny Spinner,1
Lightning Axe,1
Diligent Excavator,1
Desert's Hold,1
Light Up the Night,1
Disdainful Stroke,1
Legion Loyalist,1
Leonin Lightscribe,1
Leonin Vanguard,1
Leovold's Operative,1
Dirty Rat,1
Diregraf Horde,1
Leyline Tyrant,1
Liar's Pendulum,1
Dire-Strain Rampage,1
Library of Leng,1
"Liesa, Forgotten Archangel",1
Dinrova Horror,1
Life and Limb,1
Dimir Guildmage,1
Deserted Beach,1
Desert of the True,1
Machine Over Matter,1
Deputy of Acquittals,1
Deprive,1
Dense Foliage,1
"Dennick, Pious Apprentice",1
Den of the Bugbear,1
Lotus Vale,1
Loxodon Warhammer,1
Loyal Warhound,1
Lumberknot,1
Demonic Embrace,1
Luminous Broodmoth,1
Lunarch Veteran,1
Lurking Automaton,1
Demon's Disciple,1
Lyev Skyknight,1
Mace of the Valiant,1
Lorehold Campus,1
Lord of the Void,1
Llanowar Elite,1
Lord of the Unreal,1
Llanowar Greenwidow,1
Llanowar Loamspeaker,1
Desert of the Indomitable,1
Desert of the Glorified,1
Llanowar Wastes,1
Loathsome Curator,1
Desert of the Fervent,1
Lofty Denial,1
Desert Nomads,1
"Lonis, Cryptozoologist",1
"Look at Me, I'm R&D",1
Looming Spires,1
Desecrator Hag,1
Deranged Assistant,1
Lord Windgrace,1
Merchant Scroll,1
Merciless Eviction,1
Mercurial Chemister,1
Cursed Mirror,1
Curse of the Swine,1
Curiosity,1
Curator of Mysteries,1
Mudbutton Torchrunner,1
Muddle the Mixture,1
Cunning Survivor,1
"Multani, Yavimaya's Avatar",1
Multi-Headed,1
Munitions Expert,1
Murder,1
Cunning Sparkmage,1
Murderous Cut,1
Murderous Redcap,1
Cultivator's Caravan,1
Cultivator of Blades,1
Cursecatcher,1
Cursed Scroll,1
Crystalline Giant,1
Mouth // Feed,1
Monster Manual,1
Monstrous War-Leech,1
Monumental Corruption,1
Moonsilver Key,1
Moonsnare Prototype,1
Moonsnare Specialist,1
"Moraug, Fury of Akoum",1
Morbid Opportunist,1
More or Less,1
Custodi Soulbinders,1
Mortuary Mire,1
Mothdust Changeling,1
Custodi Peacekeeper,1
Mother Kangaroo,1
Mountain,1
Culling Ritual,1
Crystalline Crawler,1
Monkey-,1
Nameless Inversion,1
Crumbling Vestige,1
Crumbling Necropolis,1
Natural Unity,1
Cruel Witness,1
Nearby Planet,1
Nebelgast Herald,1
Crown-Hunter Hireling,1
Necromantic Summons,1
Crossroads Candleguide,1
Crosis's Catacombs,1
Needle Specter,1
Needle Spires,1
Needleverge Pathway,1
Crimson Wisps,1
"Neheb, Dreadhorde Champion",1
Narset of the Ancient Way,1
"Najeela, the Blade-Blossom",1
Myr Propagator,1
Naiad of Hidden Coves,1
Cryptolith Rite,1
Myr Scrapling,1
Myr Sire,1
Cryptic Serpent,1
Cryptic Caves,1
Mystic Gate,1
Mystic Monastery,1
Mystic Redaction,1
Mystic Retrieval,1
Crypt Rats,1
Crypt Ghast,1
Nagging Thoughts,1
Nahiri's Resolve,1
Nahiri's Warcrafting,1
"Nahiri, Heir of the Ancients",1
Monoskelion,1
Monk of the Open Hand,1
Deadly Alliance,1
"Migloz, Maze Crusher",1
Militia Bugler,1
Millikin,1
"Davriel, Rogue Shadowmage",1
"Mina and Denn, Wildborn",1
"Minamo, School at Water's Edge",1
Mind Spike,1
Dauntless Unity,1
Dauntless Escort,1
Daru Warchief,1
Daru Stinger,1
Mindwrack Liege,1
"Mine, Mine, Mine!",1
Minimus Containment,1
Minor Misstep,1
Miraculous Recovery,1
Migratory Route,1
Micromancer,1
Mire Triton,1
Michiko's Reign of Truth,1
Meren of Clan Nel Toth,1
Deadeye Harpooner,1
Dead of Winter,1
Merfolk Skydiver,1
Merfolk Thaumaturgist,1
Merfolk Windrobber,1
"Meria, Scholar of Antiquity",1
Merrow Reejerey,1
Mesmeric Fiend,1
Daybreak Coronet,1
Metallic Mimic,1
Metallic Rebuke,1
Metalwork Colossus,1
Meteor Golem,1
Miasmic Mummy,1
Darksteel Axe,1
Mire's Grasp,1
Monk Class,1
Mist-Syndicate Naga,1
Dance with Devils,1
Mistral Singer,1
Mistvault Bridge,1
Dance of the Manse,1
"Mizzix, Replica Rider",1
Mnemonic Wall,1
Moan of the Unhallowed,1
Moat,1
Dakmor Salvage,1
Moldervine Cloak,1
Moldgraf Scavenger,1
Daghatar the Adamant,1
Dack's Duplicate,1
Cyclonic Rift,1
Cut Short,1
"Danitha, Benalia's Hope",1
Mission Briefing,1
Darkmoss Bridge,1
Miss Demeanor,1
Mirrex,1
Mirrodin Besieged,1
Mirror Entity,1
Mirrored Lotus,1
Mirrormade,1
Mirrorpool,1
Darkbore Pathway,1
Dark-Dweller Oracle,1
Mischievous Catgeist,1
Dark Withering,1
Dark Salvation,1
Dark Petition,1
Daring Piracy,1
Darigaaz's Caldera,1
"Mishra, Claimed by Gix",1
A Little Chat,1
